{"meta": {"version": "7.4.0", "timestamp": "2026-02-07T12:24:14.186831", "branch_coverage": true, "show_contexts": false}, "files": {"src\\digraphx\\__init__.py": {"executed_lines": [1, 3, 5, 9, 11, 12, 16], "summary": {"covered_lines": 6, "num_statements": 6, "percent_covered": 100.0, "percent_covered_display": "100", "missing_lines": 0, "excluded_lines": 4, "num_branches": 0, "num_partial_branches": 0, "covered_branches": 0, "missing_branches": 0}, "missing_lines": [], "excluded_lines": [5, 7, 13, 14], "executed_branches": [], "missing_branches": []}, "src\\digraphx\\min_cycle_ratio.py": {"executed_lines": [], "summary": {"covered_lines": 0, "num_statements": 32, "percent_covered": 0.0, "percent_covered_display": "0", "missing_lines": 32, "excluded_lines": 0, "num_branches": 10, "num_partial_branches": 0, "covered_branches": 0, "missing_branches": 10}, "missing_lines": [47, 48, 50, 51, 53, 56, 57, 59, 60, 63, 100, 101, 102, 103, 106, 113, 128, 129, 131, 156, 158, 181, 182, 183, 186, 209, 216, 218, 239, 242, 243, 244], "excluded_lines": [], "executed_branches": [], "missing_branches": [[100, -63], [100, 101], [101, 100], [101, 102], [102, 101], [102, 103], [181, -181], [181, 182], [182, -182], [182, 183]]}, "src\\digraphx\\min_parmetric_q.py": {"executed_lines": [1, 42, 43, 44, 46, 49, 50, 53, 54, 55, 72, 73, 88, 89, 102, 121, 122, 124, 153, 156, 157, 160, 161, 162, 163, 166, 169, 171, 172, 177, 186, 187, 194], "summary": {"covered_lines": 31, "num_statements": 43, "percent_covered": 66.66666666666667, "percent_covered_display": "67", "missing_lines": 12, "excluded_lines": 0, "num_branches": 14, "num_partial_branches": 3, "covered_branches": 7, "missing_branches": 7}, "missing_lines": [70, 85, 174, 178, 179, 180, 181, 182, 183, 190, 191, 192], "excluded_lines": [], "executed_branches": [[55, 54], [55, 72], [73, -53], [73, 72], [171, 172], [177, 186], [186, 187]], "missing_branches": [[171, 174], [177, 178], [179, 177], [179, 180], [182, 177], [182, 183], [186, 190]]}, "src\\digraphx\\neg_cycle.py": {"executed_lines": [], "summary": {"covered_lines": 0, "num_statements": 61, "percent_covered": 0.0, "percent_covered_display": "0", "missing_lines": 61, "excluded_lines": 0, "num_branches": 25, "num_partial_branches": 0, "covered_branches": 0, "missing_branches": 25}, "missing_lines": [44, 45, 58, 59, 60, 63, 66, 106, 108, 117, 118, 120, 143, 144, 145, 146, 147, 148, 149, 150, 151, 152, 153, 155, 190, 191, 192, 193, 194, 195, 196, 197, 198, 200, 223, 224, 225, 226, 227, 228, 229, 230, 231, 233, 267, 269, 270, 271, 274, 275, 276, 277, 278, 280, 316, 317, 319, 320, 322, 325, 326], "excluded_lines": [], "executed_branches": [], "missing_branches": [[144, -144], [144, -120], [144, 145], [147, 144], [147, 148], [149, 150], [149, 153], [150, 151], [150, 152], [191, 192], [191, 198], [192, 191], [192, 193], [194, 192], [194, 195], [229, 225], [229, 230], [271, 274], [271, 275], [276, 269], [276, 277], [319, -280], [319, 320], [320, 319], [320, 322]]}, "src\\digraphx\\neg_cycle_q.py": {"executed_lines": [1, 46, 47, 63, 64, 65, 66, 69, 70, 93, 102, 103, 104, 106, 147, 192, 224, 225, 226, 227, 228, 232, 234, 282, 319, 320, 321, 328, 364], "summary": {"covered_lines": 27, "num_statements": 81, "percent_covered": 28.448275862068964, "percent_covered_display": "28", "missing_lines": 54, "excluded_lines": 0, "num_branches": 35, "num_partial_branches": 2, "covered_branches": 6, "missing_branches": 29}, "missing_lines": [88, 91, 134, 135, 136, 137, 138, 139, 140, 141, 142, 143, 144, 145, 182, 183, 184, 185, 186, 187, 188, 189, 190, 229, 230, 231, 273, 274, 275, 276, 278, 279, 280, 322, 325, 326, 354, 355, 356, 357, 358, 359, 360, 361, 362, 397, 399, 400, 401, 402, 403, 404, 405, 406], "excluded_lines": [], "executed_branches": [[225, 226], [225, 232], [226, 225], [226, 227], [228, 226], [321, -282]], "missing_branches": [[135, -135], [135, -106], [135, 136], [139, 140], [139, 141], [142, 137], [142, 143], [143, 144], [143, 145], [183, 184], [183, 190], [184, 183], [184, 185], [186, 184], [186, 187], [228, 229], [275, -234], [275, 276], [276, 275], [276, 278], [321, 322], [322, 321], [322, 325], [360, 356], [360, 361], [401, 402], [401, 403], [404, 399], [404, 405]]}, "src\\digraphx\\parametric.py": {"executed_lines": [], "summary": {"covered_lines": 0, "num_statements": 35, "percent_covered": 0.0, "percent_covered_display": "0", "missing_lines": 35, "excluded_lines": 0, "num_branches": 12, "num_partial_branches": 0, "covered_branches": 0, "missing_branches": 12}, "missing_lines": [47, 48, 49, 51, 54, 57, 58, 59, 71, 72, 84, 98, 119, 120, 122, 164, 165, 168, 171, 172, 175, 176, 177, 180, 183, 185, 187, 189, 190, 191, 194, 195, 198, 199, 200], "excluded_lines": [], "executed_branches": [], "missing_branches": [[59, 58], [59, 71], [72, -57], [72, 71], [164, 165], [164, 168], [185, 187], [185, 194], [189, 185], [189, 190], [194, 195], [194, 198]]}, "src\\digraphx\\tiny_digraph.py": {"executed_lines": [1, 48, 50, 51, 54, 55, 64, 74, 83, 101, 102, 108, 110, 128, 146, 177, 208, 238], "summary": {"covered_lines": 15, "num_statements": 27, "percent_covered": 55.55555555555556, "percent_covered_display": "56", "missing_lines": 12, "excluded_lines": 15, "num_branches": 0, "num_partial_branches": 0, "covered_branches": 0, "missing_branches": 0}, "missing_lines": [62, 72, 81, 98, 126, 144, 175, 206, 228, 229, 230, 233], "excluded_lines": [238, 240, 241, 242, 245, 246, 249, 250, 251, 254, 255, 256, 257, 258, 259], "executed_branches": [], "missing_branches": []}}, "totals": {"covered_lines": 79, "num_statements": 285, "percent_covered": 24.146981627296586, "percent_covered_display": "24", "missing_lines": 206, "excluded_lines": 19, "num_branches": 96, "num_partial_branches": 5, "covered_branches": 13, "missing_branches": 83}}
